{
  "totalOut": 126610.01000000001,
  "totalIn": 4985,
  "netImpact": -121625.01000000001
}